,zip,sector,fullTimeEmployees,longBusinessSummary,city,phone,state,country,companyOfficers,website,maxAge,address1,industry,ebitdaMargins,profitMargins,grossMargins,operatingCashflow,revenueGrowth,operatingMargins,ebitda,targetLowPrice,recommendationKey,grossProfits,freeCashflow,targetMedianPrice,currentPrice,earningsGrowth,currentRatio,returnOnAssets,numberOfAnalystOpinions,targetMeanPrice,debtToEquity,returnOnEquity,targetHighPrice,totalCash,totalDebt,totalRevenue,totalCashPerShare,financialCurrency,revenuePerShare,quickRatio,recommendationMean,exchange,shortName,longName,exchangeTimezoneName,exchangeTimezoneShortName,isEsgPopulated,gmtOffSetMilliseconds,underlyingSymbol,quoteType,symbol,underlyingExchangeSymbol,headSymbol,messageBoardId,uuid,market,annualHoldingsTurnover,enterpriseToRevenue,beta3Year,enterpriseToEbitda,52WeekChange,morningStarRiskRating,forwardEps,revenueQuarterlyGrowth,sharesOutstanding,fundInceptionDate,annualReportExpenseRatio,totalAssets,bookValue,sharesShort,sharesPercentSharesOut,fundFamily,lastFiscalYearEnd,heldPercentInstitutions,netIncomeToCommon,trailingEps,lastDividendValue,SandP52WeekChange,priceToBook,heldPercentInsiders,nextFiscalYearEnd,yield,mostRecentQuarter,shortRatio,sharesShortPreviousMonthDate,floatShares,beta,enterpriseValue,priceHint,threeYearAverageReturn,lastSplitDate,lastSplitFactor,legalType,lastDividendDate,morningStarOverallRating,earningsQuarterlyGrowth,priceToSalesTrailing12Months,dateShortInterest,pegRatio,ytdReturn,forwardPE,lastCapGain,shortPercentOfFloat,sharesShortPriorMonth,impliedSharesOutstanding,category,fiveYearAverageReturn,previousClose,regularMarketOpen,twoHundredDayAverage,trailingAnnualDividendYield,payoutRatio,volume24Hr,regularMarketDayHigh,navPrice,averageDailyVolume10Day,regularMarketPreviousClose,fiftyDayAverage,trailingAnnualDividendRate,open,averageVolume10days,expireDate,algorithm,dividendRate,exDividendDate,circulatingSupply,startDate,regularMarketDayLow,currency,trailingPE,regularMarketVolume,lastMarket,maxSupply,openInterest,marketCap,volumeAllCurrencies,strikePrice,averageVolume,dayLow,ask,askSize,volume,fiftyTwoWeekHigh,fromCurrency,fiveYearAvgDividendYield,fiftyTwoWeekLow,bid,tradeable,dividendYield,bidSize,dayHigh,regularMarketPrice,logo_url,fax,toCurrency,address2,quoteSourceName,averageDailyVolume3Month,regularMarketTime,regularMarketChange,preMarketPrice,exchangeDataDelayedBy,postMarketChange,postMarketPrice,exchangeName,preMarketChange,regularMarketSource,marketState
0,06010-6376,Industrials,4952.0,"Barnes Group Inc. provides engineered products, industrial technologies, and solutions in the United States and internationally. It operates in two segments: Industrial and Aerospace. The Industrial segment offers precision components, products, and systems used by various customers in end-markets, such as transportation, industrial equipment, automation, personal care, packaging, electronics, and medical devices. This segment also designs and manufactures hot runner systems, mold cavity sensors and process control systems, and precision high cavitation mold assemblies for injection molding applications; provides force and motion control solutions for various metal forming and other industrial markets; and designs and develops robotic grippers, end-of-arm tooling systems, sensors, and other automation components for intelligent robotic handling solutions and industrial automation applications. In addition, it manufactures and supplies precision mechanical products, including mechanical springs, and high-precision punched and fine-blanked components used in transportation and industrial applications, including mechanical springs, and high-precision punched and fine-blanked components. This segment sells its products primarily through its direct sales force and distribution channels. The Aerospace segment produces fabricated and precision machined components and assemblies for turbine engines; and nacelles and structures for commercial and defense-related aircraft. It also provides aircraft engine component maintenance, repair, and overhaul services for turbine engine manufacturers, commercial airlines, and defense market; and manufactures and delivers aerospace aftermarket spare parts. This segment serves original equipment manufacturing industry. The company was founded in 1857 and is based in Bristol, Connecticut.",Bristol,860 583 7070,CT,United States,[],http://www.barnesgroupinc.com,1.0,123 Main Street,Specialty Industrial Machinery,0.18802,0.06516,0.35325,177988992.0,0.364,0.11428001,222044992.0,50.0,buy,403153000.0,129405872.0,60.0,49.84,47.005,2.162,0.03235,5.0,57.0,47.215,0.05811,65.0,91134000.0,656480000.0,1180971008.0,1.802,USD,23.206,1.261,2.2,NYQ,"Barnes Group, Inc.",Barnes Group Inc.,America/New_York,EDT,False,-14400000,,EQUITY,B,,,finmb_254193,9d5ed678-fe57-3cca-a101-40957afab571,us_market,,2.614,,13.903,0.21698809,,2.48,,50575300.0,,,,27.496,434751.0,0.0086,,1609372800.0,0.89695,76948000.0,1.51,0.16,0.31688225,1.8126273,0.073520005,1672444800.0,,1625011200.0,3.51,1625011200.0,47086131.0,1.260869,3087031552.0,2.0,,1150070400.0,2:1,,1621987200.0,,42.194,2.304791,1627603200.0,2.7,,20.096773,,0.0109,472831.0,,,,49.86,49.98,51.561813,0.01283594,0.6154,,50.27,,112428.0,49.86,50.173428,0.64,49.98,112428.0,,,0.64,1621987200.0,,,49.34,USD,48.061718,150487.0,,,,2524550400.0,,,143887.0,49.34,49.86,800.0,150487.0,57.64,,1.16,33.59,49.77,False,0.0124,900.0,50.27,49.84,https://logo.clearbit.com/barnesgroupinc.com,,,,,,,,,,,,,,,
1,95051,Healthcare,16500.0,"Agilent Technologies, Inc. provides application focused solutions to the life sciences, diagnostics, and applied chemical markets worldwide. The Life Sciences and Applied Markets segment offers liquid and gas chromatography systems and components; liquid and gas chromatography mass spectrometry systems; inductively coupled plasma mass and optical emission spectrometry instruments; atomic absorption instruments; microwave plasma-atomic emission spectrometry instruments; raman spectroscopy; cell analysis plate based assays; flow cytometer; real-time cell analyzer; cell imaging systems; microplate readers; laboratory software, information management, and analytics; laboratory automation and robotic systems; dissolution testing; vacuum pumps; and measurement technologies. The Diagnostics and Genomics segment provides arrays for DNA mutation detection, genotyping, gene copy number determination, identification of gene rearrangements, DNA methylation profiling, and gene expression profiling, as well as sequencing target enrichment, genetic data management, and interpretation support software; and equipment to produce synthesized oligonucleotide. It also offers immunohistochemistry, in situ hybridization, and hematoxylin and eosin staining and special staining; instruments, consumables, and software for quality control analysis of nucleic acid samples; and reagents for use in turbidimetry and flow cytometry, as well as develops pharmacodiagnostics. The Agilent CrossLab segment provides GC and LC columns, sample preparation products, custom chemistries, and laboratory instrument supplies; and startup, operational, training, compliance support, software as a service, asset management, and consultation services. The company markets its products through direct sales, distributors, resellers, manufacturer's representatives, and electronic commerce. It has collaboration agreement with SGS AXYS. The company was incorporated in 1999 and is headquartered in Santa Clara, California.",Santa Clara,800 227 9770,CA,United States,[],http://www.agilent.com,1.0,5301 Stevens Creek Boulevard,Diagnostics & Research,0.26612,0.15902,0.53498,1376999936.0,0.232,0.21350999,1548000000.0,135.0,buy,2837000000.0,1088125056.0,150.0,158.15,1.188,1.999,0.078200005,17.0,148.94,64.927,0.19315,160.0,1380000000.0,3123000064.0,5816999936.0,4.548,USD,18.979,1.396,1.9,NYQ,"Agilent Technologies, Inc.","Agilent Technologies, Inc.",America/New_York,EDT,False,-14400000,,EQUITY,A,,,finmb_154924,,us_market,,8.464,,31.807,0.58469176,,4.61,,303443008.0,,,,15.854,3344717.0,0.011,,1604102400.0,0.89689004,925000000.0,2.99,0.194,0.31688225,9.9754,0.00281,1667174400.0,,1619740800.0,1.83,1625011200.0,302496482.0,0.993006,49237934080.0,2.0,,1414972800.0,1398:1000,,1625184000.0,,1.139,8.249873,1627603200.0,3.33,,34.305855,,0.011,2456982.0,,,,156.52,156.51,134.97108,0.004778942,0.2502,,158.49,,1490362.0,156.52,150.64285,0.748,156.51,1490362.0,,,0.78,1625184000.0,,,156.12,USD,52.892975,1334099.0,,,,47989510144.0,,,1706564.0,156.12,158.59,900.0,1334099.0,158.49,,0.81,94.53,158.19,False,0.005,800.0,158.49,158.15,https://logo.clearbit.com/agilent.com,866 497 1134,,,,,,,,,,,,,,
2,33178,Industrials,39000.0,"Ryder System, Inc. operates as a logistics and transportation company worldwide. The company operates through three segments: Fleet Management Solutions (FMS), Supply Chain Solutions (SCS), and Dedicated Transportation Solutions (DTS). The FMS segment offers full service leasing and leasing with flexible maintenance options, as well as maintenance services, supplies, and related equipment for operation of the vehicles; commercial vehicle rental services; and contract or transactional maintenance services of trucks, tractors, and trailers, as well as fleet support services. This segment also provides access to diesel fuel; offers fuel planning and tax reporting, cards, and monitoring services, and centralized billing; and sells used vehicles through its 59 retail sales centers and Usedtrucks.Ryder.com website. The DTS segment offers equipment, maintenance, drivers, administrative, and additional services, as well as routing and scheduling, fleet sizing, safety, regulatory compliance, risk management, technology and communication systems support, and other technical support services. The SCS segment comprises distribution management services, such as designing and managing customer's distribution network and facilities; providing e-commerce services; coordinating warehousing and transportation for inbound and outbound material flows; handling import and export for international shipments; coordinating just-in-time replenishment of component parts to manufacturing and final assembly; and offering shipments to customer distribution centers or end customer delivery points, as well as other value added services, such as light assembly of components. This segment also offers transportation management services, such as shipment optimization, load scheduling, and delivery confirmation services through technological and web-based solutions; and knowledge-based professional services. Ryder System, Inc. was founded in 1933 and is headquartered in Miami, Florida.",Miami,305-500-3726,FL,United States,[],http://www.ryder.com,1.0,11690 NW 105th Street,Rental & Leasing Services,0.27954,0.02915,0.19587,2213757952.0,0.257,0.08304,2506748928.0,82.0,buy,1511488000.0,1599534720.0,90.0,79.15,,0.585,0.03433,7.0,89.57,268.326,0.11884,100.0,267992000.0,6488705024.0,8967361536.0,4.984,USD,171.236,0.513,2.5,NYQ,"Ryder System, Inc.","Ryder System, Inc.",America/New_York,EDT,False,-14400000,,EQUITY,R,,,finmb_33956,,us_market,,1.17,,4.184,1.0312259,,6.61,,53773600.0,,,,44.97,1172857.0,0.0218,,1609372800.0,0.90137,270780992.0,4.918,0.56,0.31688225,1.7600622,0.00738,1672444800.0,,1625011200.0,1.6,1625011200.0,53140146.0,1.975793,10488185856.0,2.0,,755913600.0,1:1,,1621555200.0,,,0.47463018,1627603200.0,-0.85,,11.974281,,0.024500001,1242678.0,,,,79.36,79.62,75.0041,0.028225806,0.43919998,,79.89,,521962.0,79.36,74.222855,2.24,79.62,521962.0,,,2.32,1629417600.0,,,78.24,USD,16.09394,320643.0,,,,4256180480.0,,,601253.0,78.24,79.21,1000.0,320643.0,89.65,,3.51,38.28,79.17,False,0.0292,800.0,79.89,79.15,https://logo.clearbit.com/ryder.com,,,,,,,,,,,,,,,
3,10001,Consumer Cyclical,75711.0,"Macy's, Inc., an omnichannel retail organization, operates stores, websites, and mobile applications under the Macy's, Bloomingdale's, and bluemercury brands. It sells a range of merchandise, including apparel and accessories for men, women, and kids; cosmetics; home furnishings; and other consumer goods. As of January 30, 2021, the company operated 727 store locations in 43 states, the District of Columbia, Puerto Rico, and Guam. It also operates in Dubai, the United Arab Emirates and Al Zahra, Kuwait under the license agreements. The company was formerly known as Federated Department Stores, Inc. and changed its name to Macy's, Inc. in 2007. Macy's, Inc. was founded in 1830 and is headquartered in New York, New York.",New York,(513) 579-7780,NY,United States,[],http://www.macysinc.com,1.0,151 West 34th Street,Department Stores,0.03371,-0.01312,0.34521,1307000064.0,0.545,-0.0005,668000000.0,14.0,hold,5811000000.0,761500032.0,19.5,19.3,,1.312,-0.00034000003,12.0,19.42,299.738,-0.0968,27.0,1798000000.0,8017999872.0,19814000640.0,5.765,USD,63.639,0.457,3.4,NYQ,Macy's Inc,"Macy's, Inc.",America/New_York,EDT,False,-14400000,,EQUITY,M,,,finmb_318091,,us_market,,0.626,,18.56,1.8421807,,2.07,,311868000.0,,,,8.577,42250849.0,0.1355,,1611964800.0,0.83333,-260000000.0,-0.84,0.378,0.31688225,2.250204,0.00239,1675036800.0,,1619827200.0,3.43,1625011200.0,311288354.0,2.115115,12398113792.0,2.0,,1150070400.0,2:1,,1583971200.0,,,0.30377772,1627603200.0,-0.74,,9.323671,,0.18040001,41491342.0,,,,19.81,20.3,17.180288,0.0,0.0,,20.37,,12075437.0,19.81,17.95,0.0,20.3,12075437.0,,,,1583971200.0,,,18.925,USD,,14517594.0,,,,6019052032.0,,,14607473.0,18.925,19.37,1800.0,14517594.0,22.3,,,5.57,19.16,False,,1800.0,20.37,19.3,https://logo.clearbit.com/macysinc.com,,,,,,,,,,,,,,,
4,10018,Financial Services,10407.0,"Alleghany Corporation provides property and casualty reinsurance and insurance products in the United States and internationally. The company operates in three segments: Reinsurance, Insurance, and Alleghany Capital. The Reinsurance segment offers fire, allied lines, auto physical damage, and homeowners multiple peril reinsurance products; and casualty and other reinsurance products, such as medical malpractice, ocean marine and aviation, accident and health, mortgage, surety, and credit reinsurance products, as well as directors' and officers', errors and omissions, general, and auto liability reinsurance. It distributes its products and services through brokers, as well as directly to insurance and reinsurance companies. The Insurance segment underwrites specialty insurance coverages in the property, as well as umbrella/excess, general, directors' and officers', and professional liability lines; surety products comprising commercial and contract surety bonds; and workers' compensation insurance products. It distributes its products through independent wholesale insurance brokers, and retail and general insurance agents. The Alleghany Capital segment provides precision automated machine tool solutions; manufactures custom trailers and truck bodies for the moving and storage industry, and other markets; and operates as a toy, and entertainment and musical instrument company. It also offers various services for pharmaceutical and biotechnology industries; products and services for the funeral and cemetery industries, and precast concrete markets; and hotel management and development services, as well as operates as a structural steel fabricator and erector. The company also owns and manages improved and unimproved commercial land, and residential lots. As of December 31, 2020, it owned approximately 106 acres of property. The company was founded in 1929 and is based in New York, New York.",New York,212 752 1356,NY,United States,[],http://www.alleghany.com,1.0,1411 Broadway,Insurance—Property & Casualty,0.13806,0.085360005,0.40342999,1666679040.0,0.315,0.122,1486818048.0,775.0,buy,2767853000.0,1621547648.0,832.5,683.56,1.341,1.281,0.02826,2.0,832.5,21.994,0.107329994,890.0,1250467968.0,2063651968.0,10768935936.0,90.155,USD,765.267,0.741,2.3,NYQ,Alleghany Corporation,Alleghany Corporation,America/New_York,EDT,False,-14400000,,EQUITY,Y,,,finmb_169056,,us_market,,0.978,,7.084,0.2507,,64.18,,13870200.0,,,,658.232,139548.0,0.0101,,1609372800.0,0.88556,919286016.0,65.327,15.0,0.31688225,1.0384789,0.03302,1672444800.0,,1625011200.0,2.69,1625011200.0,13410719.0,0.685852,10532412416.0,2.0,,1301443200.0,102:100,,1583280000.0,,1.276,0.88041323,1627603200.0,0.19,,10.65067,,0.0104,146034.0,,,,683.37,687.04,660.7369,,0.0,,687.08,,50712.0,683.37,666.6203,,687.04,50712.0,,,,1583280000.0,,,681.01,USD,10.463667,47941.0,,,,9481113600.0,,,60012.0,681.01,685.09,800.0,47941.0,737.89,,,486.49,683.81,False,,800.0,687.08,683.56,https://logo.clearbit.com/alleghany.com,,,34th Floor,,,,,,,,,,,,
5,10013,Financial Services,214000.0,"Citigroup Inc., a diversified financial services holding company, provides various financial products and services to consumers, corporations, governments, and institutions in North America, Latin America, Asia, Europe, the Middle East, and Africa. The company operates in two segments, Global Consumer Banking (GCB) and Institutional Clients Group (ICG). The GCB segment offers traditional banking services to retail customers through retail banking, Citi-branded cards, and Citi retail services. It also provides various banking, credit card, lending, and investment services through a network of local branches, offices, and electronic delivery systems. The ICG segment offers wholesale banking products and services, including fixed income and equity sales and trading, foreign exchange, prime brokerage, derivative, equity and fixed income research, corporate lending, investment banking and advisory, private banking, cash management, trade finance, and securities services to corporate, institutional, public sector, and high-net-worth clients. As of December 31, 2020, it operated 2,303 branches primarily in the United States, Mexico, and Asia. Citigroup Inc. was founded in 1812 and is headquartered in New York, New York.",New York,212-559-1000,NY,United States,[],http://www.citigroup.com,1.0,388 Greenwich Street,Banks—Diversified,0.0,0.30115998,0.0,22150000640.0,0.583,0.37735,,66.0,buy,58369000000.0,,85.0,74.13,6.508,,0.0095,23.0,84.54,,0.10967,114.0,961484029952.0,581759008768.0,71689003008.0,474.389,USD,34.54,,2.1,NYQ,"Citigroup, Inc.",Citigroup Inc.,America/New_York,EDT,False,-14400000,,EQUITY,C,,,finmb_391687,,us_market,,-2.935,,,0.40480244,,7.96,,2026790016.0,,,,90.865,32127226.0,0.0159,,1609372800.0,0.79674006,20338999296.0,9.75,0.51,0.31688225,0.81582564,0.00227,1672444800.0,,1625011200.0,1.58,1625011200.0,2022751880.0,1.907477,-210388860928.0,2.0,,1304899200.0,1:10,,1627603200.0,,4.865,2.0958016,1627603200.0,0.27,,9.312814,,0.0159,29755321.0,,,,74.3,74.33,70.67144,0.027456257,0.2092,,74.64,,17819150.0,74.3,69.04,2.04,74.33,17819150.0,,,2.04,1627603200.0,,,73.6285,USD,7.6030765,14179442.0,,,,150245933056.0,,,20488204.0,73.6285,74.28,800.0,14179442.0,80.29,,2.31,40.49,74.12,False,0.0275,1200.0,74.64,74.13,https://logo.clearbit.com/citigroup.com,,,,,,,,,,,,,,,
6,00144,Energy,31436.0,"Eni S.p.A. engages in the exploration, development, and production of crude oil and natural gas. It operates through Exploration & Production; Global Gas & LNG Portfolio; Refining & Marketing and Chemicals; Eni gas e luce, Power & Renewables; and Corporate and Other activities segments. The Exploration & Production segment is involved in the research, development, and production of oil, condensates and natural gas; and forestry conservation and CO2 capture and storage projects. The Global Gas & LNG Portfolio segment engages in the supply and wholesale of natural gas by pipeline, international transport; and purchase and marketing of LNG. The Refining & Marketing and Chemicals segment is involved in the processing, supply, distribution, and marketing of fuels and chemicals. The Eni gas e luce, Power & Renewables segment engages in the retail sales of gas, electricity, and related activities, as well as in the production and wholesale of electricity produced by thermoelectric and renewable plants. As of December 31, 2020, it had net proved reserves of 6,905 million barrels of oil equivalent; and installed operational capacity of 4.6 GW. The company was founded in 1953 and is headquartered in Rome, Italy.",Rome,39 06 59821,RM,Italy,[],http://www.eni.com,1.0,Piazzale Enrico Mattei 1,Oil & Gas Integrated,0.19582,-0.00365,0.28882998,6536999936.0,0.98,0.05764,10552000512.0,22.0,underperform,11546000000.0,3539624960.0,24.41,24.7,,1.355,0.01652,2.0,24.41,78.758,-0.00463,26.82,16120000512.0,31960000512.0,53886001152.0,9.024,EUR,30.166,0.983,4.0,NYQ,ENI S.p.A.,Eni S.p.A.,America/New_York,EDT,False,-14400000,,EQUITY,E,,,finmb_358534,,us_market,,1.11,,5.67,0.2729156,,3.45,,1786269952.0,,,,22.67,733926.0,0.0004,,1609372800.0,0.01243,-237000000.0,-0.164,0.583344,0.31688225,1.0895457,0.0,1672444800.0,,1625011200.0,4.38,1625011200.0,1226831413.0,1.310886,59830636544.0,2.0,,1136851200.0,5:2,,1621814400.0,,,0.8187817,1627603200.0,,,7.1594205,,,683381.0,,,,24.58,24.61,23.93633,0.027257934,,,24.7,,106075.0,24.58,23.803429,0.67,24.61,106075.0,,,0.86,1621814400.0,,,24.495,USD,,52552.0,,,,44120870912.0,,,204607.0,24.495,24.66,1000.0,52552.0,26.18,,6.12,13.36,24.64,False,0.0356,800.0,24.7,24.7,https://logo.clearbit.com/eni.com,39 06 59 82 21 41,,,,,,,,,,,,,,
7,,,,,,,,,,,1.0,,,,,,,,,,,,,,,,,,,,,,,,,,,,,,,,YHD,,"Pandora Media, Inc.",America/New_York,EDT,False,-14400000,,MUTUALFUND,P,,,,,us_market,,,,,,,,,,,,,,,,,,,,,,,,,,,,,,,,,2.0,,,,,,,,,,,,,,,,,,,,,,,,,,,,,,,,,,,,,,,,,,,,,,,,,,,,,,,,,,,,,,,,,,,,Delayed Quote,,1561759658.0,,,0.0,,,YHD,,DELAYED,POST
8,94103-3104,Technology,4001.0,"Unity Software Inc. operates a real-time 3D development platform. Its platform provides software solutions to create, run, and monetize interactive, real-time 2D and 3D content for mobile phones, tablets, PCs, consoles, and augmented and virtual reality devices. The company offers its solutions directly through its online store and field sales operations in North America, Denmark, Finland, the United Kingdom, Germany, Japan, China, Singapore, and South Korea, as well as indirectly through independent distributors and resellers worldwide. The company was founded in 2004 and is headquartered in San Francisco, California.",San Francisco,415 539 3162,CA,United States,[],http://unity.com,1.0,30 3rd Street,Software—Application,-0.4642,-0.52076,0.76706004,-80231000.0,0.484,-0.51484,-431449984.0,75.0,buy,600098000.0,-120644000.0,123.0,126.69,,3.586,-0.1514,12.0,123.05,6.618,-0.36988,170.0,1589024000.0,130357000.0,929454016.0,5.809,USD,3.799,3.468,1.9,NYQ,Unity Software Inc.,Unity Software Inc.,America/New_York,EDT,False,-14400000,,EQUITY,U,,,finmb_241908542,,us_market,,34.144,,-73.554,0.77542067,,,,279416992.0,,,,7.201,10813321.0,0.0387,,1609372800.0,0.79149,-484023008.0,-1.979,,0.31688225,17.59339,0.22692,1672444800.0,,1625011200.0,4.96,1625011200.0,165290203.0,,31735048192.0,2.0,,,,,,,,38.086166,1627603200.0,-4.52,,,,0.08140001,12382332.0,,,,121.35,119.98,105.85791,,0.0,,127.97,,3312200.0,121.35,106.464,,119.98,3312200.0,,,,,,,119.05,USD,,9200835.0,,,,35399340032.0,,,3305789.0,119.05,126.54,800.0,9200835.0,174.94,,,65.11,126.06,False,,900.0,127.97,126.69,https://logo.clearbit.com/unity.com,,,,,,,,,,,,,,,
9,92130,Real Estate,208.0,"Realty Income, The Monthly Dividend Company, is an S&P 500 company dedicated to providing stockholders with dependable monthly income. The company is structured as a REIT, and its monthly dividends are supported by the cash flow from over 6,500 real estate properties owned under long-term lease agreements with our commercial clients. To date, the company has declared 608 consecutive common stock monthly dividends throughout its 52-year operating history and increased the dividend 109 times since Realty Income's public listing in 1994 (NYSE: O). The company is a member of the S&P 500 Dividend Aristocrats index. Additional information about the company can be obtained from the corporate website at www.realtyincome.com.",San Diego,858-284-5000,CA,United States,[],http://www.realtyincome.com,1.0,11995 El Camino Real,REIT—Retail,0.90629995,0.20885,0.9348,1182033024.0,0.12,0.48055,1567662976.0,66.0,buy,1547022000.0,1029015616.0,76.0,70.93,0.065,0.555,0.025290001,15.0,75.17,78.719,0.03257,84.0,231164000.0,9346830336.0,1729734016.0,0.594,USD,4.782,0.475,2.2,NYQ,Realty Income Corporation,Realty Income Corporation,America/New_York,EDT,False,-14400000,,EQUITY,O,,,finmb_339305,,us_market,,21.253,,23.45,0.15432203,,1.65,,389388000.0,,,,31.142,24707816.0,0.0635,,1609372800.0,0.70599,361254016.0,0.991,0.236,0.31688225,2.2776315,0.00161,1672444800.0,,1625011200.0,7.62,1625011200.0,388574464.0,0.739644,36761337856.0,2.0,,1104710400.0,2:1,,1627603200.0,,0.154,15.967363,1627603200.0,8.31,,42.98788,,0.0739,22133434.0,,,,70.91,71.05,66.13856,0.03967,2.8704002,,71.12,,2547137.0,70.91,69.25285,2.813,71.05,2547137.0,,,2.83,1627603200.0,,,70.3821,USD,71.574165,1725351.0,,,,27619291136.0,,,3326350.0,70.3821,70.85,1000.0,1725351.0,71.84,,4.29,57.0,70.41,False,0.0399,1000.0,71.12,70.93,https://logo.clearbit.com/realtyincome.com,,,,,,,,,,,,,,,
10,94041,Technology,850.0,"SentinelOne, Inc. operates as a cybersecurity provider in the United States. Its Singularity Platform delivers artificial intelligence-powered autonomous threat prevention, detection, and response capabilities across an organization's endpoints, and cloud workloads, enabling seamless and automatic protection against a spectrum of cyber threats. The company was formerly known as Sentinel Labs, Inc. and changed its name to SentinelOne, Inc. in March 2021. SentinelOne, Inc. was incorporated in 2013 and is headquartered in Mountain View, California.",Mountain View,855-868-3733,CA,United States,[],http://www.sentinelone.com,1.0,444 Castro Street,Software—Infrastructure,-1.29727,-1.36513,0.55551,-85573000.0,1.082,-1.3192,-145935008.0,,none,53724000.0,,,49.68,,2.881,,,,12.307,,,362555008.0,46186000.0,112494000.0,7.179,USD,2.928,2.681,,NYQ,"SentinelOne, Inc.","SentinelOne, Inc.",America/New_York,EDT,False,-14400000,,EQUITY,S,,,finmb_243722644,,us_market,,23.648,,-18.229,0.09741175,,,,36428600.0,,,,-4.868,1308931.0,0.0050999997,,1612051200.0,0.1125,-153568992.0,-3.997,,0.31688225,,0.00099,1675123200.0,,1619740800.0,0.4,,769185.0,,2660304128.0,2.0,,,,,,,,,1627603200.0,,,,,0.0359,,256371008.0,,,46.64,47.1,48.28862,,0.0,,50.33,,1113214.0,46.64,48.28862,,47.1,1113214.0,,,,,,,46.65,USD,,922082.0,,,,,,,2775103.0,46.65,49.5,2900.0,922082.0,55.29,,,39.94,49.5,False,,2200.0,50.33,49.68,https://logo.clearbit.com/sentinelone.com,,,Suite 400,,,,,,,,,,,,
11,94128,Financial Services,20500.0,"Visa Inc. operates as a payments technology company worldwide. The company facilitates digital payments among consumers, merchants, financial institutions, businesses, strategic partners, and government entities. It operates VisaNet, a transaction processing network that enables authorization, clearing, and settlement of payment transactions. In addition, the company offers card products, platforms, and value-added services. It provides its services under the Visa, Visa Electron, Interlink, VPAY, and PLUS brands. The company was founded in 1958 and is headquartered in San Francisco, California.",San Francisco,650 432 3200,CA,United States,[],http://usa.visa.com,1.0,PO Box 8999,Credit Services,0.68292,0.47971,0.96781,13351999488.0,0.267,0.64768,15466000384.0,240.0,buy,21119000000.0,10018374656.0,267.0,231.79,0.1,2.0,0.1142,40.0,268.97,55.56,0.29637,297.0,19239999488.0,20995999744.0,22646999040.0,9.048,USD,10.623,1.623,1.8,NYQ,Visa Inc.,Visa Inc.,America/New_York,EDT,False,-14400000,,EQUITY,V,,,finmb_38043467,,us_market,,22.287,,32.635,0.18969536,,7.06,,1687640064.0,,,,16.297,27079994.0,0.0127,,1601424000.0,0.97218,10565000192.0,4.945,0.32,0.31688225,14.222862,0.00126,1664496000.0,,1625011200.0,3.6,1625011200.0,1685432644.0,0.993544,504727502848.0,2.0,,1426723200.0,4:1,,1628726400.0,,0.085,22.459383,1627603200.0,2.26,,32.831444,,0.0161,26933355.0,2126819968.0,,,234.74,233.89,225.47583,0.005452841,0.2545,,234.11,,7204025.0,234.74,240.97371,1.28,233.89,7204025.0,,,1.28,1628726400.0,,,231.02,USD,46.873608,9864683.0,,,,508637642752.0,,,6966537.0,231.02,231.79,1200.0,9864683.0,252.67,,0.61,179.23,231.6,False,0.0054,1200.0,234.11,231.79,https://logo.clearbit.com/usa.visa.com,,,,,,,,,,,,,,,
12,60606,Consumer Cyclical,37000.0,"Hyatt Hotels Corporation operates as a hospitality company in the United States and internationally. It operates through four segments: Owned and Leased Hotels, Americas Management and Franchising, ASPAC Management and Franchising, and EAME/SW Asia Management and Franchising. The company develops, owns, operates, manages, franchises, leases, licenses, and provide services to a portfolio of properties, consisting of full service hotels, select service hotels, resorts, and other properties, including timeshare, fractional, residential, vacation, and condominium ownership units. It operates its properties under the Park Hyatt, Miraval, Grand Hyatt, Alila, Andaz, The Unbound Collection by Hyatt, Destination, Hyatt Regency, Hyatt, Thompson Hotels, Hyatt Centric, Joie de Vivre, tommie, Caption by Hyatt, Hyatt House, Hyatt Place, Hyatt Ziva, Hyatt Zilara, UrCove, Hyatt Residence Club, Hyatt Residences, and Hyatt Resorts brands. As of March 31, 2021, the company's hotel portfolio consisted of approximately 1000 hotels. It primarily serves corporations; national, state, and regional associations; specialty market accounts, including social, government, military, educational, religious, and fraternal accounts; travel agency and luxury organizations; and a group of individual consumers. The company also operates World of Hyatt loyalty program which rewards points that can be redeemed for hotel nights and other rewards. The company was formerly known as Global Hyatt Corporation and changed its name to Hyatt Hotels Corporation in June 2009. Hyatt Hotels Corporation was founded in 1957 and is headquartered in Chicago, Illinois.",Chicago,312 750 1234,IL,United States,[],http://www.hyatt.com,1.0,150 North Riverside Plaza,Lodging,-0.39341998,-0.89079005,0.16841999,-339000000.0,7.486,-0.79473996,-299000000.0,55.0,hold,88000000.0,-387875008.0,77.0,72.5,,2.433,-0.04304,15.0,77.53,125.232,-0.21149999,105.0,1736999936.0,3643000064.0,760000000.0,17.063,USD,7.486,2.062,3.1,NYQ,Hyatt Hotels Corporation,Hyatt Hotels Corporation,America/New_York,EDT,True,-14400000,,EQUITY,H,,,finmb_13103664,c1d9f50f-8682-3a1a-a302-ec2449c17196,us_market,,12.622,,-32.082,,,-0.19,,41150500.0,,,,28.35,3681139.0,0.036199998,,1609372800.0,0.98907995,-677000000.0,-8.919,,,2.5573192,0.02814,1672444800.0,,1625011200.0,6.5,1623715200.0,40146500.0,1.536309,9592599552.0,2.0,,,,,,,,9.708704,1626307200.0,-4.67,,-381.57895,,0.1172,4114214.0,,,,73.79,73.2,79.946304,0.0,0.0,,73.32,,625557.0,73.79,77.60943,0.0,73.2,625557.0,,,,1582588800.0,,,71.83,USD,,391363.0,,,,7378614784.0,,,528231.0,71.83,72.55,1100.0,391363.0,92.22,,,51.21,72.43,False,,800.0,73.32,72.5,https://logo.clearbit.com/hyatt.com,,,8th Floor,,,,,,,,,,,,
13,23219,Utilities,17300.0,"Dominion Energy, Inc. produces and distributes energy. The company operates through four segments: Dominion Energy Virginia, Gas Distribution, Dominion Energy South Carolina, and Contracted Assets. The Dominion Energy Virginia segment generates, transmits, and distributes regulated electricity to residential, commercial, industrial, and governmental customers in Virginia and North Carolina. The Gas Distribution segment engages in the regulated natural gas gathering, transportation, distribution, and sales activities, as well as distributes nonregulated renewable natural gas. This segment serves residential, commercial, and industrial customers. The Dominion Energy South Carolina segment generates, transmits, and distributes electricity and natural gas to residential, commercial, and industrial customers in South Carolina. The Contracted Assets segment is involved in the energy marketing and price risk activities. As of December 31, 2020, the company's portfolio of assets included approximately 30.2 gigawatt of electric generating capacity; 10,500 miles of electric transmission lines; 85,600 miles of electric distribution lines; and 94,200 miles of gas distribution lines. It serves approximately 7 million customers. The company sells electricity at wholesale prices to rural electric cooperatives and municipalities, as well as into wholesale electricity markets. The company was formerly known as Dominion Resources, Inc. and changed its name to Dominion Energy, Inc. in May 2017. Dominion Energy, Inc. was incorporated in 1983 and is headquartered in Richmond, Virginia.",Richmond,804-819-2000,VA,United States,[],http://www.dominionenergy.com,1.0,120 Tredegar Street,Utilities—Regulated Electric,0.45462,0.062179998,0.51978,5046000128.0,-0.017,0.25879,6412000256.0,77.0,buy,7399000000.0,-1044249984.0,87.0,77.36,,0.563,0.022720002,15.0,85.09,143.235,0.092860006,90.0,477000000.0,38727999488.0,14104000512.0,0.591,USD,17.139,0.216,2.2,NYQ,"Dominion Energy, Inc.","Dominion Energy, Inc.",America/New_York,EDT,True,-14400000,,EQUITY,D,,,finmb_267105,f623e75a-f30e-32bb-973d-6df5b50bb7b5,us_market,,7.168,,15.768,,,4.12,,806524032.0,,,,30.164,7045566.0,0.0087,,1609372800.0,0.69308996,2891000064.0,0.966,,,2.5646467,0.00279,1672444800.0,,1617148800.0,1.89,1619740800.0,805032267.0,0.358152,101103386624.0,2.0,,1195516800.0,2:1,,,,,4.423759,1622160000.0,3.01,,18.7767,,0.0088,8456041.0,,,,76.93,76.82,75.31863,0.04081633,0.8771,,77.505,,2967157.0,76.93,75.32914,3.14,76.82,2967157.0,,,2.52,1622678400.0,,,76.76,USD,80.08282,2914718.0,,,,62392700928.0,,,3316550.0,76.76,77.36,1300.0,2914718.0,86.95,,4.27,67.85,77.34,False,0.033800002,1800.0,77.505,77.36,https://logo.clearbit.com/dominionenergy.com,,,,,,,,,,,,,,,
14,,,,,,,,,,,1.0,,,,,,,,,,,,,,,,,,,,,,,,,,,,,,,,YHD,2075626,,America/New_York,EDT,False,-14400000,,MUTUALFUND,N,,,,8d9c307c-b7f3-34a3-a822-a51922d1ceaa,us_market,,,,,,,,,,,,,,,,,,,,,,,,,,,,,,,,,2.0,,,,,,,,,,,,,,,,,,,,,,,,,,,,,,,,,,,,,,,,,,,,,,,,,,,,,,,,,,,,,,,,,,,,Delayed Quote,,1561759658.0,,,0.0,,,YHD,,DELAYED,POST
15,HM 10,Technology,98000.0,"Genpact Limited provides business process outsourcing and information technology (IT) services North and Latin America, India, rest of Asia, and Europe. It operates in three segments: Banking, Capital Markets and Insurance; Consumer Goods, Retail, Life Sciences and Healthcare; and High Tech, Manufacturing and Services. The company's finance and accounting services include accounts payable, such as document management, invoice processing, approval and resolution management, and travel and expense processing; invoice-to-cash services, including customer master data management, credit and contract management, fulfillment, billing, collections, and dispute management services; record to report services comprising accounting, treasury, tax, product cost accounting, and closing and reporting services; financial planning and analysis consisting of budgeting, forecasting, and business performance reporting; and enterprise risk and compliance services, including operational risks and controls. It also provides supply chain design, planning, inventory optimization, transportation and logistics management, and after-sales services; sourcing and procurement services comprising direct and indirect strategic sourcing, category management, spend analytics, procurement operation, master data management, and other procurement and supply chain advisory services; and sales and commercial services in the lead-to-quote, quote-to-order, and customer service areas. In addition, the company offers IT services, which include end-user computing support, infrastructure management, application production support, and database management services; and transformation services that include digital solutions, consulting services, and analytics services and solutions. It serves banking, capital market, insurance, consumer goods, retail, life science, healthcare, high tech, and manufacturing and service industries. Genpact Limited was founded in 1997 and is based in Hamilton, Bermuda.",Hamilton,441-294-8000,,Bermuda,[],http://www.genpact.com,1.0,Victoria Place,Information Technology Services,0.17518,0.08409,0.35724998,680113024.0,0.025,0.1329,653819008.0,45.0,buy,1306635000.0,522207488.0,52.0,51.76,0.068,2.029,0.06746,9.0,51.67,118.448,0.18891001,56.0,651406016.0,2072386048.0,3732256000.0,3.478,USD,19.654,1.835,2.0,NYQ,Genpact Limited,Genpact Limited,America/New_York,EDT,False,-14400000,,EQUITY,G,,,finmb_34323388,dfcf28d0-7345-39a6-a693-bc8194de62bf,us_market,,2.661,,15.189,,,2.59,,187316000.0,,,,9.347,4382374.0,0.0234,,1609372800.0,1.04406,313851008.0,1.599,,,5.5376053,0.00483,1672444800.0,,1617148800.0,4.06,1620950400.0,172705665.0,1.421739,9930761216.0,2.0,,,,,,,0.065,2.597752,1623715200.0,1.5,,19.984556,,0.0327,5243957.0,,,,51.26,51.33,44.677174,0.007803356,0.25,,51.86,,765142.0,51.26,47.88743,0.4,51.33,765142.0,,,0.43,1623283200.0,,,50.99,USD,32.37023,417977.0,,,,9695475712.0,,,980896.0,50.99,51.77,800.0,417977.0,51.86,,,33.91,51.76,False,0.0095,800.0,51.86,51.76,https://logo.clearbit.com/genpact.com,,,5th Floor 31 Victoria Street,,,,,,,,,,,,
16,10065-8087,Financial Services,12200.0,"Loews Corporation provides commercial property and casualty insurance in the United States and internationally. The company offers specialty insurance products, such as management and professional liability, and other coverage products; surety and fidelity bonds; property insurance products that include property, marine, and boiler and machinery coverages; and casualty insurance products, such as workers' compensation, general and product liability, and commercial auto and umbrella coverages. It also provides loss-sensitive insurance programs; and warranty, risk management, information, and claims administration services. The company markets its insurance products and services through independent agents, brokers, and managing general underwriters. In addition, the company is involved in the transportation and storage of natural gas and natural gas liquids(NGLs), and hydrocarbons through natural gas pipelines covering approximately 13,650 miles of interconnected pipelines; 455 miles of NGL pipelines in Louisiana and Texas; 14 underground storage fields with an aggregate gas capacity of approximately 213 billion cubic feet of natural gas; and seven salt dome caverns and related brine infrastructure for providing brine supply services. Further, the company operates a chain of 27 hotels; and develops, manufactures, and markets a range of extrusion blow-molded and injection molded plastic containers for customers in the pharmaceutical, dairy, household chemicals, food/nutraceuticals, industrial/specialty chemicals, and water and beverage/juice segments, as well as manufactures commodity and differentiated plastic resins from recycled plastic materials. Loews Corporation was incorporated in 1969 and is headquartered in New York, New York.",New York,212-521-2000,NY,United States,[],http://www.loews.com,1.0,667 Madison Avenue,Insurance—Property & Casualty,0.099300005,-0.00291,0.32182997,1550000000.0,0.169,0.04299,1298000000.0,,hold,3810000000.0,791249984.0,,56.15,,0.505,0.00441,,,49.301,0.00244,,4981000192.0,9139000320.0,13072000000.0,18.927,USD,47.464,0.446,3.0,NYQ,Loews Corporation,Loews Corporation,America/New_York,EDT,True,-14400000,,EQUITY,L,,,finmb_285930,d20caec3-b48a-3eef-964c-b4ca81ba2587,us_market,,1.511,,15.213,,,2.9,,263176000.0,,,,65.475,1860355.0,0.0070999996,,1609372800.0,0.64880997,-38000000.0,-0.143,,,0.8575793,0.15882,1672444800.0,,1617148800.0,2.13,1619740800.0,221893868.0,0.930978,19747014656.0,2.0,,1147132800.0,3:1,,,,,1.1304569,1622160000.0,,,19.362068,,0.0084,2024295.0,,,,56.18,56.27,53.327755,0.004449982,,,56.33,,1062871.0,56.18,54.162857,0.25,56.27,1062871.0,,,0.25,1621900800.0,,,55.76,USD,,518345.0,,,,14777332736.0,,,901275.0,55.76,57.1,900.0,518345.0,59.39,,0.55,32.75,55.21,False,0.0046,1200.0,56.33,56.15,https://logo.clearbit.com/loews.com,,,,,,,,,,,,,,,
17,,,,,,,,,,,,,,,,,,,,,,,,,,,,,,,,,,,,,,,,,,,,,,,,,,,,,,,,,,,,,,,,,,,,,,,,,,,,,,,,,,,,,,,,,,,,,,,,,,,,,,,,,,,,,,,,,,,,,,,,,,,,,,,,,,,,,,,,,,,,,,,,,,,,,,,,,,,,,,,,,,,,,,,,,
18,75202,Communication Services,226840.0,"AT&T Inc. provides telecommunication, media, and technology services worldwide. The company operates through Communications, WarnerMedia, and Latin America segments. The Communications segment offers wireless voice and data communications services; video and targeted advertising services; broadband, including fiber, and legacy telephony internet and voice communication; and wireline telecom services. It also sells handsets, wirelessly enabled computers, wireless data cards, and IP-based set-top boxes, as well as various accessories, such as carrying cases and hands-free devices through the company-owned stores, agents, and third-party retail stores. This segment markets its communications services and products under the AT&T, Cricket, AT&T PREPAIDSM, AT&T TV, AT&T Fiber, and DIRECTV brand names. The WarnerMedia segment primarily produces, distributes, and licenses television programming and feature films; distributes home entertainment products in physical and digital formats; and produces and distributes mobile and console games, and consumer products, as well as offers brand licensing services, and advertising services. It also operates cable networks; video on demand streaming platform under the HBO Max and HBO GO names; multichannel pay television services under the HBO and Cinemax; and digital media properties, as well as licenses its content to television networks and over-the-top services. The Latin America segment offers video entertainment and audio programming services under the DIRECTV and SKY brands primarily to residential customers; pay-TV services, including HD sports video content; and postpaid and prepaid wireless services under the AT&T and Unefon brands, as well as sells various handsets through company-owned stores, agents, and third-party retail stores. The company was formerly known as SBC Communications Inc. and changed its name to AT&T Inc. in November 2005. AT&T Inc. was incorporated in 1983 and is headquartered in Dallas, Texas.",Dallas,210-821-4105,TX,United States,[],http://www.att.com,1.0,208 South Akard Street,Telecom Services,0.29995,-0.0110599995,0.51745,43042000896.0,0.076,0.17442,52795998208.0,23.0,hold,91840000000.0,32764999680.0,31.0,28.02,0.227,0.766,0.03512,23.0,30.69,113.358,-0.0028400002,36.0,11920000000.0,203869995008.0,176014999552.0,1.669,USD,24.595,0.389,2.8,NYQ,AT&T Inc.,AT&T Inc.,America/New_York,EDT,True,-14400000,,EQUITY,T,,,finmb_100231,b9ece18c-950a-3bfa-ab0f-dbfa4ff731d3,us_market,,2.324,,7.749,,,3.12,,7139999744.0,,,,23.178,104557700.0,0.0146,,1609372800.0,0.52404,-2161999872.0,-0.345,,,1.2089051,0.001,1672444800.0,,1625011200.0,3.19,1623715200.0,7130361000.0,0.749327,409134399488.0,2.0,,890352000.0,2:1,,,,0.226,1.1366236,1626307200.0,7.04,,8.98077,,0.0147,105849618.0,,,,28.16,28.2,29.46616,0.07386363,,,28.22,,26031557.0,28.16,28.35743,2.08,28.2,26031557.0,,,2.08,1625702400.0,,,27.95,USD,,18354372.0,,,,200062795776.0,,,42291496.0,27.95,28.01,21500.0,18354372.0,33.88,,6.02,26.35,28.02,False,0.0744,21500.0,28.22,28.02,https://logo.clearbit.com/att.com,,,,,,,,,,,,,,,
19,,,,,,,,,,,,,,,,,,,,,,,,,,,,,,,,,,,,,,,,,,,,,,,,,,,,,,,,,,,,,,,,,,,,,,,,,,,,,,,,,,,,,,,,,,,,,,,,,,,,,,,,,,,,,,,,,,,,,,,,,,,,,,,,,,,,,,,,,,,,,,,,,,,,,,,,,,,,,,,,,,,,,,,,,
20,,,,,,,,,,,,,,,,,,,,,,,,,,,,,,,,,,,,,,,,,,,,,,,,,,,,,,,,,,,,,,,,,,,,,,,,,,,,,,,,,,,,,,,,,,,,,,,,,,,,,,,,,,,,,,,,,,,,,,,,,,,,,,,,,,,,,,,,,,,,,,,,,,,,,,,,,,,,,,,,,,,,,,,,,
21,15219-2800,Basic Materials,23350.0,"United States Steel Corporation produces and sells flat-rolled and tubular steel products primarily in North America and Europe. It operates through three segments: North American Flat-Rolled (Flat-Rolled), U. S. Steel Europe (USSE), and Tubular Products (Tubular). The Flat-Rolled segment offers slabs, strip mill plates, sheets and tin mill products, as well as all iron ore and coke. This segment serves customers in the service center, conversion, automotive, construction, container, and appliance and electrical markets. The USSE segment provides slabs, strip mill plate, sheet, tin mill products, and spiral welded pipes, as well as refractory ceramic materials. This segment serves customers in the construction, container, appliance and electrical, service center, conversion, oil, gas, and petrochemical markets. The Tubular segment offers seamless and electric resistance welded steel casing and tubing products, as well as standard and line pipe and mechanical tubing products primarily to customers in the oil, gas, and petrochemical markets. The company also provides railroad services and real estate operations. United States Steel Corporation was founded in 1901 and is headquartered in Pittsburgh, Pennsylvania.",Pittsburgh,412-433-1121,PA,United States,[],http://www.ussteel.com,1.0,600 Grant Street,Steel,0.035940003,-0.06409,0.064840004,391000000.0,0.333,-0.02712,383000000.0,16.0,hold,250000000.0,-7250000.0,30.5,28.08,,1.352,-0.013350001,10.0,29.39,128.199,-0.16173,39.55,753000000.0,6050999808.0,10657000448.0,2.792,USD,49.223,0.75,2.9,NYQ,United States Steel Corporation,United States Steel Corporation,America/New_York,EDT,True,-14400000,,EQUITY,X,,,finmb_314896,02129bb8-6106-3d1a-852c-592e2dc6b383,us_market,,1.1,,30.614,,,3.29,,269660992.0,,,,17.159,39332869.0,0.1459,,1609372800.0,0.67267,-683000000.0,-3.155,,,1.636459,0.010290001,1672444800.0,,1617148800.0,1.49,1619740800.0,267959767.0,2.261413,11725344768.0,2.0,,,,,,,,0.71052647,1622160000.0,0.31,,8.534954,,0.16350001,32742343.0,,,,28.35,28.12,22.77087,0.0014109347,,,28.2781,,17897571.0,28.35,24.097713,0.04,28.12,17897571.0,,,0.04,1620345600.0,,,27.2588,USD,,15146707.0,,,,7572080640.0,,,22559370.0,27.2588,28.03,1000.0,15146707.0,29.97,,0.97,6.85,28.03,False,0.0017,1000.0,28.2781,28.08,https://logo.clearbit.com/ussteel.com,,,,,,,,,,,,,,,
22,48126-1899,Consumer Cyclical,182000.0,"Ford Motor Company designs, manufactures, markets, and services a range of Ford trucks, cars, sport utility vehicles, electrified vehicles, and Lincoln luxury vehicles worldwide. It operates through three segments: Automotive, Mobility, and Ford Credit. The Automotive segment sells Ford and Lincoln vehicles, service parts, and accessories through distributors and dealers, as well as through dealerships to commercial fleet customers, daily rental car companies, and governments. The Mobility segment designs and builds mobility services; and provides self-driving systems development services. The Ford Credit segment primarily engages in vehicle-related financing and leasing activities to and through automotive dealers. It provides retail installment sale contracts for new and used vehicles; and direct financing leases for new vehicles to retail and commercial customers, such as leasing companies, government entities, daily rental companies, and fleet customers. This segment also offers wholesale loans to dealers to finance the purchase of vehicle inventory; and loans to dealers to finance working capital and enhance dealership facilities, purchase dealership real estate, and other dealer vehicle programs. Ford Motor Company has a strategic collaboration with ARB Corporation Limited to develop a suite of aftermarket products for the new Ford Bronco. The company was founded in 1903 and is based in Dearborn, Michigan.",Dearborn,313 322 3000,MI,United States,[],http://www.ford.com,1.0,One American Road,Auto Manufacturers,0.0775,0.02507,0.102690004,20874999808.0,0.381,0.03334,10572999680.0,11.0,buy,6123000000.0,1555624960.0,16.0,13.9,-0.5,1.213,0.010980001,20.0,14.98,426.133,0.10402001,18.0,25042999296.0,148225998848.0,136433000448.0,6.269,USD,34.267,1.008,2.5,NYQ,Ford Motor Company,Ford Motor Company,America/New_York,EDT,True,-14400000,,EQUITY,F,,,finmb_106335,80061894-3025-315f-869e-4e1f09471012,us_market,,1.308,,16.884,,,1.76,,3920790016.0,,,,8.475,75130742.0,0.0188,,1609372800.0,0.55259997,3420000000.0,0.994,,,1.6401179,0.00229,1672444800.0,,1625011200.0,1.26,1625011200.0,3913470937.0,1.142549,178510643200.0,2.0,,965260800.0,1748175:1000000,,,,-0.498,0.4066743,1627603200.0,0.2,,7.897727,,0.0211,63687708.0,,,,13.93,13.92,12.986232,0.0,0.0,,14.05,,53591071.0,13.93,14.259429,0.0,13.92,53591071.0,,,,1580256000.0,,,13.79,USD,13.983903,38072844.0,,,,55483793408.0,,,80393537.0,13.79,13.89,1000.0,38072844.0,16.45,,,6.41,13.86,False,,39400.0,14.05,13.9,https://logo.clearbit.com/ford.com,,,,,,,,,,,,,,,
